075x.png;075y.png
175x.png;175y.png
076x.png;076y.png
176x.png;176y.png
077x.png;077y.png
177x.png;177y.png
078x.png;078y.png
178x.png;178y.png
079x.png;079y.png
179x.png;179y.png
080x.png;080y.png
180x.png;180y.png
081x.png;081y.png
181x.png;181y.png
082x.png;082y.png
182x.png;182y.png
083x.png;083y.png
183x.png;183y.png
084x.png;084y.png
184x.png;184y.png
085x.png;085y.png
185x.png;185y.png
086x.png;086y.png
186x.png;186y.png
087x.png;087y.png
187x.png;187y.png
088x.png;088y.png
188x.png;188y.png
089x.png;089y.png
189x.png;189y.png
090x.png;090y.png
190x.png;190y.png
091x.png;091y.png
191x.png;191y.png
092x.png;092y.png
192x.png;192y.png
093x.png;093y.png
193x.png;193y.png
094x.png;094y.png
194x.png;194y.png
095x.png;095y.png
195x.png;195y.png
096x.png;096y.png
196x.png;196y.png
097x.png;097y.png
197x.png;197y.png
098x.png;098y.png
198x.png;198y.png
099x.png;099y.png
199x.png;199y.png
