000x.png;000y.png
100x.png;100y.png
001x.png;001y.png
101x.png;101y.png
002x.png;002y.png
102x.png;102y.png
003x.png;003y.png
103x.png;103y.png
004x.png;004y.png
104x.png;104y.png
005x.png;005y.png
105x.png;105y.png
006x.png;006y.png
106x.png;106y.png
007x.png;007y.png
107x.png;107y.png
008x.png;008y.png
108x.png;108y.png
009x.png;009y.png
109x.png;109y.png
010x.png;010y.png
110x.png;110y.png
011x.png;011y.png
111x.png;111y.png
012x.png;012y.png
112x.png;112y.png
013x.png;013y.png
113x.png;113y.png
014x.png;014y.png
114x.png;114y.png
015x.png;015y.png
115x.png;115y.png
016x.png;016y.png
116x.png;116y.png
017x.png;017y.png
117x.png;117y.png
018x.png;018y.png
118x.png;118y.png
019x.png;019y.png
119x.png;119y.png
020x.png;020y.png
120x.png;120y.png
021x.png;021y.png
121x.png;121y.png
022x.png;022y.png
122x.png;122y.png
023x.png;023y.png
123x.png;123y.png
024x.png;024y.png
124x.png;124y.png
025x.png;025y.png
125x.png;125y.png
026x.png;026y.png
126x.png;126y.png
027x.png;027y.png
127x.png;127y.png
028x.png;028y.png
128x.png;128y.png
029x.png;029y.png
129x.png;129y.png
030x.png;030y.png
130x.png;130y.png
031x.png;031y.png
131x.png;131y.png
032x.png;032y.png
132x.png;132y.png
033x.png;033y.png
133x.png;133y.png
034x.png;034y.png
134x.png;134y.png
035x.png;035y.png
135x.png;135y.png
036x.png;036y.png
136x.png;136y.png
037x.png;037y.png
137x.png;137y.png
038x.png;038y.png
138x.png;138y.png
039x.png;039y.png
139x.png;139y.png
040x.png;040y.png
140x.png;140y.png
041x.png;041y.png
141x.png;141y.png
042x.png;042y.png
142x.png;142y.png
043x.png;043y.png
143x.png;143y.png
044x.png;044y.png
144x.png;144y.png
045x.png;045y.png
145x.png;145y.png
046x.png;046y.png
146x.png;146y.png
047x.png;047y.png
147x.png;147y.png
048x.png;048y.png
148x.png;148y.png
049x.png;049y.png
149x.png;149y.png
